-- MySQL Script generated by MySQL Workbench
-- Mon Jun 19 22:26:06 2023
-- Model: New Model    Version: 1.0
-- MySQL Workbench Forward Engineering

-- Set the SQL mode
SET SQL_MODE='ONLY_FULL_GROUP_BY,STRICT_TRANS_TABLES,NO_ZERO_IN_DATE,NO_ZERO_DATE,ERROR_FOR_DIVISION_BY_ZERO,NO_ENGINE_SUBSTITUTION';

-- Create the schema
DROP SCHEMA IF EXISTS `bd_trabajofinal`;
CREATE SCHEMA IF NOT EXISTS `bd_trabajofinal` DEFAULT CHARACTER SET utf8mb4 COLLATE utf8mb4_general_ci;
USE `bd_trabajofinal`;

-- Create the tables
CREATE TABLE IF NOT EXISTS `bd_trabajofinal`.`categoria` (
  `id_categoria` INT NOT NULL,
  `nombre` VARCHAR(20) NULL DEFAULT NULL,
  PRIMARY KEY (`id_categoria`)
) ENGINE = InnoDB DEFAULT CHARACTER SET = utf8mb4 COLLATE = utf8mb4_general_ci;

CREATE TABLE IF NOT EXISTS `bd_trabajofinal`.`jurisdiccion` (
  `id_jurisdiccion` VARCHAR(20) NOT NULL,
  `nombre` VARCHAR(20) NULL DEFAULT NULL,
  PRIMARY KEY (`id_jurisdiccion`)
) ENGINE = InnoDB DEFAULT CHARACTER SET = utf8mb4 COLLATE = utf8mb4_general_ci;

CREATE TABLE IF NOT EXISTS `bd_trabajofinal`.`tipo_normativa` (
  `id_tipo_normativa` VARCHAR(20) NOT NULL,
  `nombre` VARCHAR(20) NULL DEFAULT NULL,
  PRIMARY KEY (`id_tipo_normativa`)
) ENGINE = InnoDB DEFAULT CHARACTER SET = utf8mb4 COLLATE = utf8mb4_general_ci;

CREATE TABLE IF NOT EXISTS `bd_trabajofinal`.`normativa` (
  `num_normativa` INT NOT NULL,
  `nombre` VARCHAR(50) NULL DEFAULT NULL,
  `descripcion` VARCHAR(200) NULL DEFAULT NULL,
  `fecha` DATE NULL DEFAULT NULL,
  `organo_legislativo` VARCHAR(20) NULL DEFAULT NULL,
  `palabra_clave` VARCHAR(50) NULL DEFAULT NULL,
  `id_jurisdiccion` VARCHAR(20) NULL DEFAULT NULL,
  `id_tipo_normativa` VARCHAR(20) NULL DEFAULT NULL,
  `id_categoria` INT NULL DEFAULT NULL,
  PRIMARY KEY (`num_normativa`),
  CONSTRAINT `normativa_ibfk_1` FOREIGN KEY (`id_jurisdiccion`) REFERENCES `bd_trabajofinal`.`jurisdiccion` (`id_jurisdiccion`),
  CONSTRAINT `normativa_ibfk_2` FOREIGN KEY (`id_tipo_normativa`) REFERENCES `bd_trabajofinal`.`tipo_normativa` (`id_tipo_normativa`),
  CONSTRAINT `normativa_ibfk_3` FOREIGN KEY (`id_categoria`) REFERENCES `bd_trabajofinal`.`categoria` (`id_categoria`)
) ENGINE = InnoDB DEFAULT CHARACTER SET = utf8mb4 COLLATE = utf8mb4_general_ci;

-- Insert data into `categoria` table
INSERT INTO `bd_trabajofinal`.`categoria` (`id_categoria`, `nombre`) VALUES
(1, 'Laboral'),
(2, 'Civil'),
(3, 'penal');


-- Insert data into `jurisdiccion` table
INSERT INTO `bd_trabajofinal`.`jurisdiccion` (`id_jurisdiccion`, `nombre`) VALUES
('1', 'Nacional'),
('2', 'Provincial');

-- Insert data into `tipo_normativa` table
INSERT INTO `bd_trabajofinal`.`tipo_normativa` (`id_tipo_normativa`, `nombre`) VALUES
('1', 'Ley'),
('2', 'Decreto');


-- Alter table to increase length of 'descripcion' column
ALTER TABLE `bd_trabajofinal`.`normativa` MODIFY COLUMN `descripcion` VARCHAR(500) NULL DEFAULT NULL;
ALTER TABLE `bd_trabajofinal`.`normativa` MODIFY COLUMN `organo_legislativo` VARCHAR(300) NULL DEFAULT NULL;

-- Insert data into `normativa` table
INSERT INTO `bd_trabajofinal`.`normativa` (`num_normativa`, `nombre`, `descripcion`, `fecha`, `organo_legislativo`, `palabra_clave`, `id_jurisdiccion`, `id_tipo_normativa`, `id_categoria`) VALUES
(20744, 'Ley de Contrato de Trabajo Nº 20.744', 'Es la norma legal que regula las relaciones laborales de los trabajadores que se encuentran bajo relación de dependencia. Determina derechos y obligaciones, establece condiciones de trabajo, entre otros aspectos.', '1974-09-05', 'Congreso de la Nación', 'trabajador', '1', '1', 1);


INSERT INTO `bd_trabajofinal`.`normativa` (`num_normativa`, `nombre`, `descripcion`, `fecha`, `organo_legislativo`, `palabra_clave`, `id_jurisdiccion`, `id_tipo_normativa`, `id_categoria`) VALUES
(27555, 'Ley de Teletrabajo', 'Regula los derechos y obligaciones de las partes cuando la relación laboral se desarrolla a distancia. Los derechos y obligaciones son las mismas que las personas que trabajan bajo la modalidad presencial.', '2020-07-30', 'Congreso de la Nación', 'teletrabajo', '1', '1', 1);

INSERT INTO `bd_trabajofinal`.`normativa` (`num_normativa`, `nombre`, `descripcion`, `fecha`, `organo_legislativo`, `palabra_clave`, `id_jurisdiccion`, `id_tipo_normativa`, `id_categoria`) VALUES
(7642, 'Ley de Ejercicio Profesional de la Informatica', 'Establece entre los profesionales de Ciencias Informáticas una comunidad de intereses e ideales éticos, normativos y profesionales.Cómo debe ser y a qué se considera ejercicio profesional.', '2000-10-04', 'Legislatura de Córdoba', 'informaticos', '2', '1', 1);

INSERT INTO `bd_trabajofinal`.`normativa` (`num_normativa`, `nombre`, `descripcion`, `fecha`, `organo_legislativo`, `palabra_clave`, `id_jurisdiccion`, `id_tipo_normativa`, `id_categoria`) VALUES
(25326, 'Ley de Proteccion de Datos', 'Contiene principios generales de protección de Datos, derechos, obligaciones de responsables y usuarios de Datos', '2000-10-04', 'Congreso de la Nación', 'datos', '1', '1', '2');

INSERT INTO `bd_trabajofinal`.`normativa` (`num_normativa`, `nombre`, `descripcion`, `fecha`, `organo_legislativo`, `palabra_clave`, `id_jurisdiccion`, `id_tipo_normativa`, `id_categoria`) VALUES
(26653, 'Ley de Accesibilidad web de Argentina', 'La ley establece que el Estado nacional, los entes públicos no estatales, las empresas del Estado y las empresas privadas concesionarias de servicios públicos, deberán respetar en los diseños de sus páginas Web las normas y requisitos sobre accesibilidad de la información que faciliten el acceso a sus contenidos, a todas las personas con discapacidad.', '2010-11-03', 'Congreso de la Nación', 'web', '1', '1', '2');

INSERT INTO `bd_trabajofinal`.`normativa` (`num_normativa`, `nombre`, `descripcion`, `fecha`, `organo_legislativo`, `palabra_clave`, `id_jurisdiccion`, `id_tipo_normativa`, `id_categoria`) VALUES
(26388, 'Ley de delito informático', 'Establece medidas para penar y combatir la cibercriminalidad', '2008-06-04', 'Congreso de la Nación', 'delito', '1', '1', '3');